Workbook

Sheet Registro_Defectos
A1: REGISTRO DE DEFECTOS - CICLO DE VIDA
A2: Testing y Validacion de Software - Universidad de La Sabana - Proyecto: logistica-integracion
A4: ID | B4: Titulo | C4: Origen / Proyecto | D4: Tipo | E4: Severidad | F4: Prioridad | G4: Ranking | H4: Componente afectado | I4: Reportado por | J4: Fecha deteccion | K4: Estado actual | L4: Fecha cierre | M4: Dias abiertos | N4: Accion correctiva | O4: Validado por | P4: Criterio de cierre
A5: H2-01 | B5: ClassNotFoundException por dependencia H2 mal alcanzada | C5: Unidad 4 - Integracion (pjba-integracion) | D5: Configuracion / Dependencias | E5: Alta | F5: Alta | G5: P1 | H5: pom.xml - dependencia H2 | I5: Fredy Pulido | J5: 2026-04-18 | K5: Cerrado | L5: 2026-04-18 | M5: =IF(L5="","-",DATEVALUE(L5)-DATEVALUE(J5)) -> 0 | N5: Cambio de scope de test a runtime | O5: Fredy Pulido | P5: Arranque sin excepciones y suite IT al 100%
A6: AC-01 | B6: Conflicto de autoconfiguracion de Spring Boot con H2 en classpath | C6: Unidad 4 - Integracion (pjba-integracion/taller-integracion) | D6: Configuracion / Arquitectura | E6: Alta | F6: Alta | G6: P1 | H6: Application.java / application.properties | I6: Fredy Pulido | J6: 2026-04-18 | K6: Cerrado | L6: 2026-04-19 | M6: =IF(L6="","-",DATEVALUE(L6)-DATEVALUE(J6)) -> 1 | N6: Exclusion de DataSourceAutoConfiguration y HibernateJpaAutoConfiguration | O6: Fredy Pulido | P6: Arranque limpio y 100% de pruebas IT/sistema pasando
A7: SRC-01 | B7: Anidamiento duplicado de directorios al migrar con git mv | C7: Unidades 3-4 - Migracion pjba-tdd | D7: Control de versiones / Estructura | E7: Media | F7: Media | G7: P2 | H7: Estructura de directorios Git | I7: Andrea Martinez | J7: 2026-04-25 | K7: Cerrado | L7: 2026-04-26 | M7: =IF(L7="","-",DATEVALUE(L7)-DATEVALUE(J7)) -> 1 | N7: cp -R + git add + git rm --cached de rutas duplicadas | O7: Andrea Martinez | P7: Compilacion exitosa y 14/14 pruebas unitarias OK
A8: SQ-01 | B8: Duplicacion de codigo (10.4%) sobre el umbral de SonarQube | C8: Unidad 4 - Pipeline CI/CD | D8: Calidad de codigo / Deuda tecnica | E8: Baja | F8: Baja | G8: P3 | H8: infrastructure/persistence, config, delivery/rest | I8: Fredy Pulido | J8: 2026-05-09 | K8: Abierto - riesgo aceptado | M8: =IF(L8="","-",DATEVALUE(L8)-DATEVALUE(J8)) -> - | N8: Pendiente: sonar-project.properties con sonar.cpd.exclusions | O8: - | P8: Duplicacion <= 3% validada en ejecucion posterior del pipeline
A9: DS-01 | B9: Archivos .DS_Store subidos al repositorio | C9: Unidad 4 - Limpieza previa a PR | D9: Higiene de repositorio / Configuracion | E9: Baja | F9: Baja | G9: P3 | H9: .gitignore / historial de commits | I9: Andrea Martinez | J9: 2026-05-10 | K9: Cerrado | L9: 2026-05-10 | M9: =IF(L9="","-",DATEVALUE(L9)-DATEVALUE(J9)) -> 0 | N9: git rm --cached + regla en .gitignore | O9: Andrea Martinez | P9: git status no rastrea nuevos .DS_Store de prueba
A10: DR-01 | B10: Picos de latencia maxima por pausas del GC (G1GC) | C10: Proyecto final - Rendimiento (logistica-integracion) | D10: Rendimiento / Gestion de memoria | E10: Media | F10: Media | G10: P2 | H10: cotizacion_log (H2) / heap JVM | I10: Fredy Pulido | J10: 2026-06-12 | K10: Abierto - en seguimiento | M10: =IF(L10="","-",DATEVALUE(L10)-DATEVALUE(J10)) -> - | N10: Propuesta: purga programada / persistencia @Async / migrar a PostgreSQL | O10: - | P10: Soak Test con delta (max-p99) estable tras implementar la mejora
A11: DR-02 | B11: Contencion de escritura en H2 (write lock) bajo concurrencia real | C11: Proyecto final - Rendimiento (logistica-integracion) | D11: Rendimiento / Concurrencia | E11: Alta | F11: Alta | G11: P1 | H11: infrastructure/persistence - repositorio JDBC | I11: Andrea Martinez | J11: 2026-06-12 | K11: Abierto - riesgo documentado | M11: =IF(L11="","-",DATEVALUE(L11)-DATEVALUE(J11)) -> - | N11: Propuesta: persistencia @Async y migracion a PostgreSQL/HikariCP | O11: - | P11: Stress Test contra BD real con latencia representativa de produccion
A12: DR-03 | B12: Ausencia de timeout y rate limiter en POST /cotizacion | C12: Proyecto final - Rendimiento (logistica-integracion) | D12: Rendimiento / Resiliencia | E12: Media | F12: Media | G12: P2 | H12: CotizacionController / application.properties | I12: Fredy Pulido | J12: 2026-06-13 | K12: Abierto - en seguimiento | M12: =IF(L12="","-",DATEVALUE(L12)-DATEVALUE(J12)) -> - | N12: Propuesta: request-timeout=3000 + @RateLimiter Resilience4j | O12: - | P12: Spike Test con HTTP 429 controlado en vez de latencias extremas
A14: Resumen | B14: Total de defectos: | D14: =COUNTA(A5:A12) -> 8
B15: Defectos cerrados: | D15: =COUNTIF(K5:K12,"Cerrado") -> 4
B16: Defectos abiertos: | D16: =D14-D15 -> 4
B17: Promedio dias de resolucion (cerrados): | D17: =IFERROR(AVERAGEIF(K5:K12,"Cerrado",M5:M12),"-") -> 0.5
B18: Defectos P1 (critica/inmediata): | D18: =COUNTIF(G5:G12,"P1") -> 3
A20: Nota: la columna 'Dias abiertos' se calcula con formula; para defectos sin fecha de cierre se muestra '-'. La columna 'Ranking' combina severidad y prioridad (P1=critica/inmediata, P2=importante, P3=diferible).

Sheet Ciclo_de_Vida
A1: TRANSICION DE ESTADOS POR DEFECTO
A2: Fecha en la que cada defecto alcanzo cada estado del ciclo de vida (vacio = estado no alcanzado aun)
A4: ID | B4: Nuevo | C4: Clasificado | D4: Asignado | E4: En analisis | F4: En correccion | G4: Corregido | H4: En validacion | I4: Cerrado
A5: H2-01 | B5: 2026-04-18 | C5: 2026-04-18 | D5: 2026-04-18 | E5: 2026-04-18 | F5: 2026-04-18 | G5: 2026-04-18 | H5: 2026-04-18 | I5: 2026-04-18
A6: AC-01 | B6: 2026-04-18 | C6: 2026-04-18 | D6: 2026-04-18 | E6: 2026-04-18 | F6: 2026-04-18 | G6: 2026-04-18 | H6: 2026-04-19 | I6: 2026-04-19
A7: SRC-01 | B7: 2026-04-25 | C7: 2026-04-25 | D7: 2026-04-25 | E7: 2026-04-25 | F7: 2026-04-25 | G7: 2026-04-25 | H7: 2026-04-26 | I7: 2026-04-26
A8: SQ-01 | B8: 2026-05-09 | C8: 2026-05-09 | D8: 2026-05-09 | E8: 2026-05-09 | F8: — | G8: — | H8: — | I8: —
A9: DS-01 | B9: 2026-05-10 | C9: 2026-05-10 | D9: 2026-05-10 | E9: 2026-05-10 | F9: 2026-05-10 | G9: 2026-05-10 | H9: 2026-05-10 | I9: 2026-05-10
A10: DR-01 | B10: 2026-06-12 | C10: 2026-06-13 | D10: 2026-06-13 | E10: 2026-06-13 | F10: — | G10: — | H10: — | I10: —
A11: DR-02 | B11: 2026-06-12 | C11: 2026-06-12 | D11: 2026-06-13 | E11: 2026-06-13 | F11: — | G11: — | H11: — | I11: —
A12: DR-03 | B12: 2026-06-13 | C12: 2026-06-13 | D12: 2026-06-13 | E12: 2026-06-13 | F12: — | G12: — | H12: — | I12: —
A14: Glosario de estados disponible en la hoja 'Glosario_Estados'.

Sheet Dashboard
A1: TABLERO DE INDICADORES
A2: Conteos calculados dinamicamente a partir de la hoja Registro_Defectos
A4: Severidad | B4: Cantidad
A5: Alta | B5: =COUNTIF(Registro_Defectos!E5:E12,"Alta") -> 3
A6: Media | B6: =COUNTIF(Registro_Defectos!E5:E12,"Media") -> 3
A7: Baja | B7: =COUNTIF(Registro_Defectos!E5:E12,"Baja") -> 2
A9: Estado | B9: Cantidad
A10: Cerrado | B10: =COUNTIF(Registro_Defectos!K5:K12,"Cerrado") -> 4
A11: Abierto | B11: =COUNTA(Registro_Defectos!K5:K12)-B10 -> 4
A14: Categoria | B14: Cantidad
A15: Tecnico (config./arquitectura/codigo/versionado) | B15: 5
A16: Rendimiento | B16: 3
A19: Ranking | B19: Cantidad
A20: P1 - Critica/inmediata | B20: =COUNTIF(Registro_Defectos!G5:G12,"P1") -> 3
A21: P2 - Importante | B21: =COUNTIF(Registro_Defectos!G5:G12,"P2") -> 3
A22: P3 - Diferible | B22: =COUNTIF(Registro_Defectos!G5:G12,"P3") -> 2
A24: Metrica | B24: Objetivo (SLO) | C24: Resultado observado | D24: Cumplimiento
A25: p95 (los seis escenarios) | B25: < 300 ms | C25: Maximo 7.324 ms (Stress Test) | D25: Cumple
A26: p99 (los seis escenarios) | B26: < 800 ms | C26: Maximo 20.114 ms (Baseline) | D26: Cumple
A27: Tasa de error | B27: < 1% | C27: 0% (0 errores en 1.703.633 solicitudes) | D27: Cumple
A28: Throughput | B28: >= 50 req/s | C28: Hasta 1.753 req/s (Spike Test) | D28: Cumple
A31: Suite de pruebas | B31: Objetivo JaCoCo | C31: Resultado | D31: Cumplimiento
A32: Unidad 3 - Pruebas unitarias (TDD) | B32: >= 80% | C32: >= 80% | D32: Cumple
A33: Unidad 4 - Pruebas de integracion y sistema | B33: >= 80% | C33: >= 80% | D33: Cumple
A36: Analisis
A37: - El 50% de los defectos (4 de 8) esta Cerrado con validacion confirmada; los 4 que permanecen Abiertos corresponden a decisiones de triage explicitas, no a negligencia en el seguimiento.
A38: - El unico defecto de ranking P1 (critica/inmediata) que permanece Abierto es DR-02 (contencion de escritura en H2 bajo concurrencia real), por lo que es el item de mayor prioridad pendiente del proyecto.
A39: - El tiempo promedio de resolucion de los defectos cerrados es de 0.5 dias, consistente con su naturaleza de configuracion con causa raiz determinista y pruebas automatizadas disponibles.
A40: - El 100% de los SLO de rendimiento definidos para el proyecto final se cumplio en los seis escenarios k6 ejecutados, con 0% de errores sobre mas de 1.7 millones de solicitudes.
A41: - La cobertura de pruebas JaCoCo se mantuvo igual o superior al 80% en las Unidades 3 y 4, cumpliendo el objetivo de calidad definido para el curso.
A42: - Los tres defectos de rendimiento abiertos son hallazgos arquitecturales identificados de forma proactiva -no incumplimientos de SLO- por lo que no comprometen la entrega actual, pero deben atenderse antes de un despliegue a produccion real.

Sheet Trazabilidad
A1: MATRIZ DE TRAZABILIDAD CONSOLIDADA
A2: Requisito -> Caso de prueba -> Commit/PR -> Documento relacionado, por defecto
A4: ID | B4: Requisito / funcionalidad relacionada | C4: Caso de prueba | D4: Commit / Pull Request | E4: Documento relacionado
A5: H2-01 | B5: Disponibilidad del servicio REST (arranque correcto del microservicio) | C5: Ejecucion manual de mvn spring-boot:run | D5: PR #6 - fix/h2-scope-runtime | E5: Wiki testing-validacion - 5. Registro de Defectos
A6: AC-01 | B6: Arranque del contexto de Spring sin autoconfiguracion JPA no utilizada | C6: Arranque del contexto tras resolver H2-01 | D6: PR #7 - fix/autoconfig-exclude | E6: Wiki testing-validacion - 5. Registro de Defectos
A7: SRC-01 | B7: Estructura de directorios del monorepo | C7: Verificacion de estructura tras git mv | D7: PR #9 - fix/src-structure | E7: Wiki testing-validacion - 5. Registro de Defectos
A8: SQ-01 | B8: Calidad estructural del codigo (umbral de duplicacion del pipeline) | C8: Primera ejecucion del job de SonarQube | D8: Pendiente - Issue #14 | E8: Wiki testing-validacion - 5. Registro de Defectos / 6. Pipeline CI-CD
A9: DS-01 | B9: Higiene del repositorio compartido entre sistemas operativos | C9: Revision de git status antes del PR | D9: PR #10 - chore/gitignore-dsstore | E9: Wiki testing-validacion - 5. Registro de Defectos
A10: DR-01 | B10: SLO de rendimiento p99 < 800 ms (Soak Test) | C10: Comparacion p99 vs latencia maxima entre escenarios k6 | D10: Pendiente - Issue #21 | E10: Wiki testingSoftwareProyecto - Identificacion-de-cuellos-de-botella
A11: DR-02 | B11: Capacidad de concurrencia real de produccion (Stress Test) | C11: Analisis arquitectural posterior al Stress Test | D11: Pendiente - Issue #22 | E11: Wiki testingSoftwareProyecto - Identificacion-de-cuellos-de-botella
A12: DR-03 | B12: Resiliencia del endpoint ante contencion sostenida (Stress/Spike Test) | C12: Revision de configuracion del controlador | D12: Pendiente - Issue #23 | E12: Wiki testingSoftwareProyecto - Identificacion-de-cuellos-de-botella

Sheet Glosario_Estados
A1: GLOSARIO DEL CICLO DE VIDA DEL DEFECTO
A2: Modelo de 8 estados (ISTQB / IEEE 1044), con posibilidad de reapertura
A4: Estado | B4: Descripcion
A5: Nuevo | B5: El defecto se detecta y se registra por primera vez, con la evidencia minima para reproducirlo.
A6: Clasificado | B6: Se le asigna tipo, severidad y prioridad, lo que determina el orden de atencion.
A7: Asignado | B7: Se designa a la persona o rol responsable de investigarlo y corregirlo.
A8: En analisis | B8: Se investiga la causa raiz y se determina el componente afectado.
A9: En correccion | B9: Se implementa el cambio de codigo, configuracion o proceso que resuelve la causa identificada.
A10: Corregido | B10: El cambio esta implementado y listo para ser validado de forma independiente.
A11: En validacion | B11: Se ejecutan las pruebas de regresion o confirmacion necesarias para verificar la correccion.
A12: Cerrado | B12: La validacion confirma que el defecto fue resuelto. Si la validacion falla, el defecto se reabre y regresa a 'En correccion'.
